date,active-steps,active-calories,calories,duration_minutes
2025-06-01,9210,510,2400,105
2025-06-02,8750,490,2350,100
2025-06-03,8900,500,2380,102
2025-06-04,8540,480,2310,98
2025-06-05,3100,160,1850,40
2025-06-06,2850,145,1810,38
2025-06-07,2900,150,1820,39
2025-06-08,2750,140,1800,35
2025-06-09,1800,110,1700,30
2025-06-10,1550,95,1650,25
2025-06-11,1400,88,1640,24
2025-06-12,1210,75,1610,22