date,temp_amplitude
2025-06-01,1.50
2025-06-02,1.48
2025-06-03,1.52
2025-06-04,1.45
2025-06-05,0.95
2025-06-06,0.91
2025-06-07,0.93
2025-06-08,0.89
2025-06-09,0.80
2025-06-10,0.75
2025-06-11,0.71
2025-06-12,0.68